k,f0,orbitale,noeuds,Rc,Rtop,Rdyn,ReN,H,D,bande,regime,n_fenetres,masse_sous_plancher
-10,2.7403858601e-04,1s,0,1.9780968050e+00,1.0000000000e+00,1.0000000000e+00,8.3804104493e-01,1.2096871613e+00,7.8549441307e-02,E2,Cosmologique,6,8.9941963424e-02
-10,2.7403858601e-04,2s,1,1.2735300278e+02,1.0000000000e+00,1.0000000000e+00,1.7480185582e-01,1.2237857563e+00,2.1294031474e-01,E2,Cosmologique,6,2.0196566199e-01
-10,2.7403858601e-04,2p,0,9.7084790181e+01,1.0000000000e+00,1.0000000000e+00,2.3788917572e-01,1.2216843246e+00,2.0094343590e-01,E2,Cosmologique,6,3.2798115060e-01
-10,2.7403858601e-04,3s,2,1.5596887665e+02,1.0000000000e+00,1.0000000000e+00,1.0598749952e-01,1.2250772518e+00,2.1089653926e-01,E2,Cosmologique,6,2.8933328321e-01
-10,2.7403858601e-04,3p,1,1.2072726684e+02,1.0000000000e+00,1.0000000000e+00,1.0723130975e-01,1.2214346009e+00,2.1194648841e-01,E2,Cosmologique,6,3.1531617227e-01
-10,2.7403858601e-04,3d,0,1.0032410694e+02,1.0000000000e+00,1.0000000000e+00,1.7068409811e-01,1.2191067708e+00,2.2241413255e-01,E2,Cosmologique,6,3.6161684959e-02
-10,2.7403858601e-04,4s,3,2.6882502949e+02,1.0000000000e+00,1.0000000000e+00,4.7290350443e-02,1.2264057135e+00,1.5690576242e-01,E2,Cosmologique,6,3.0386478446e-01
-10,2.7403858601e-04,4p,2,2.6724301801e+02,1.0000000000e+00,1.0000000000e+00,6.0810194873e-02,1.2252098005e+00,1.7257098725e-01,E2,Cosmologique,6,2.9046924417e-01
-10,2.7403858601e-04,4d,1,1.8884119896e+02,1.0000000000e+00,1.0000000000e+00,6.5853045564e-02,1.2203342423e+00,2.2065711690e-01,E2,Cosmologique,6,5.9869657955e-02
-10,2.7403858601e-04,4f,0,9.3323150140e+01,1.0000000000e+00,1.0000000000e+00,1.7157211374e-01,1.2223309445e+00,2.2152934919e-01,E2,Cosmologique,6,2.1578883626e-01
-9,2.9033376831e-04,1s,0,1.9232634250e+00,1.0000000000e+00,1.0000000000e+00,8.5114190929e-01,1.1862780743e+00,7.5889690537e-02,E2,Cosmologique,6,8.9941963424e-02
-9,2.9033376831e-04,2s,1,1.2493649566e+02,1.0000000000e+00,1.0000000000e+00,1.9128827674e-01,1.1999110119e+00,2.1620713142e-01,E2,Cosmologique,6,2.0196566199e-01
-9,2.9033376831e-04,2p,0,9.5167657930e+01,1.0000000000e+00,1.0000000000e+00,2.5190587942e-01,1.1977061403e+00,2.0274614239e-01,E2,Cosmologique,6,3.2798115060e-01
-9,2.9033376831e-04,3s,2,1.5287435795e+02,1.0000000000e+00,1.0000000000e+00,1.1443674189e-01,1.2021034703e+00,2.5277919687e-01,E2,Cosmologique,6,2.8933328321e-01
-9,2.9033376831e-04,3p,1,1.1818516649e+02,1.0000000000e+00,1.0000000000e+00,1.4554185275e-01,1.1977405801e+00,2.8325649055e-01,E2,Cosmologique,6,3.1531617227e-01
-9,2.9033376831e-04,3d,0,9.8655680815e+01,1.0000000000e+00,1.0000000000e+00,2.1146458080e-01,1.1951556851e+00,3.0051294520e-01,E2,Cosmologique,6,3.6161684959e-02
-9,2.9033376831e-04,4s,3,2.6382871330e+02,1.0000000000e+00,1.0000000000e+00,6.8931263658e-02,1.2019426210e+00,1.5837991618e-01,E2,Cosmologique,6,3.0386478446e-01
-9,2.9033376831e-04,4p,2,2.6244429751e+02,1.0000000000e+00,1.0000000000e+00,7.5449077547e-02,1.1990172754e+00,1.7413145887e-01,E2,Cosmologique,6,2.9046924417e-01
-9,2.9033376831e-04,4d,1,1.8508871277e+02,1.0000000000e+00,1.0000000000e+00,9.7368507562e-02,1.1962475635e+00,2.5939736307e-01,E2,Cosmologique,6,5.9869657955e-02
-9,2.9033376831e-04,4f,0,9.1697495765e+01,1.0000000000e+00,1.0000000000e+00,1.9669945885e-01,1.1982568021e+00,2.6192064098e-01,E2,Cosmologique,6,2.1578883626e-01
-8,3.0759791257e-04,1s,0,1.8680946060e+00,1.0000000000e+00,1.0000000000e+00,8.1300542491e-01,1.1609513158e+00,6.8970954097e-02,E2,Cosmologique,6,8.9941963424e-02
-8,3.0759791257e-04,2s,1,1.2245391485e+02,1.0000000000e+00,1.0000000000e+00,1.9641815395e-01,1.1737392123e+00,2.1368580552e-01,E2,Cosmologique,6,2.0196566199e-01
-8,3.0759791257e-04,2p,0,9.3203073974e+01,1.0000000000e+00,1.0000000000e+00,2.5844239962e-01,1.1724427209e+00,1.9860285613e-01,E2,Cosmologique,6,3.2798115060e-01
-8,3.0759791257e-04,3s,2,1.4970642606e+02,1.0000000000e+00,1.0000000000e+00,1.2557483579e-01,1.1763645813e+00,2.4954303956e-01,E2,Cosmologique,6,2.8933328321e-01
-8,3.0759791257e-04,3p,1,1.1559289608e+02,1.0000000000e+00,1.0000000000e+00,1.5155668159e-01,1.1717853380e+00,2.8047689815e-01,E2,Cosmologique,6,3.1531617227e-01
-8,3.0759791257e-04,3d,0,9.6926659471e+01,1.0000000000e+00,1.0000000000e+00,2.4779565792e-01,1.1696404402e+00,2.9844952122e-01,E2,Cosmologique,6,3.6161684959e-02
-8,3.0759791257e-04,4s,3,2.5869533872e+02,1.0000000000e+00,1.0000000000e+00,7.7027700030e-02,1.1751848613e+00,1.5529552022e-01,E2,Cosmologique,6,3.0386478446e-01
-8,3.0759791257e-04,4p,2,2.5750025271e+02,1.0000000000e+00,1.0000000000e+00,7.8722975882e-02,1.1724915008e+00,1.7077065819e-01,E2,Cosmologique,6,2.9046924417e-01
-8,3.0759791257e-04,4d,1,1.8125289878e+02,1.0000000000e+00,1.0000000000e+00,1.1551700588e-01,1.1700920611e+00,2.5621767004e-01,E2,Cosmologique,6,5.9869657955e-02
-8,3.0759791257e-04,4f,0,9.0018045792e+01,1.0000000000e+00,1.0000000000e+00,2.1886389226e-01,1.1720707115e+00,2.5874953274e-01,E2,Cosmologique,6,2.1578883626e-01
-7,3.2588863627e-04,1s,0,1.8125723606e+00,1.0000000000e+00,1.0000000000e+00,7.0948712108e-01,1.1340053415e+00,5.7381157163e-02,E2,Cosmologique,6,8.9941963424e-02
-7,3.2588863627e-04,2s,1,1.1990143258e+02,1.0000000000e+00,1.0000000000e+00,1.9618701679e-01,1.1455865659e+00,2.0387663970e-01,E2,Cosmologique,6,2.0196566199e-01
-7,3.2588863627e-04,2p,0,9.1188294769e+01,1.0000000000e+00,1.0000000000e+00,2.5764694476e-01,1.1443816616e+00,1.8815130146e-01,E2,Cosmologique,6,3.2798115060e-01
-7,3.2588863627e-04,3s,2,1.4646082528e+02,1.0000000000e+00,1.0000000000e+00,1.2992700613e-01,1.1463114057e+00,2.3957621250e-01,E2,Cosmologique,6,2.8933328321e-01
-7,3.2588863627e-04,3p,1,1.1294755172e+02,1.0000000000e+00,1.0000000000e+00,1.5260251649e-01,1.1446880668e+00,2.7059272923e-01,E2,Cosmologique,6,3.1531617227e-01
-7,3.2588863627e-04,3d,0,9.5133510957e+01,1.0000000000e+00,1.0000000000e+00,2.4897980543e-01,1.1414844908e+00,2.8795311157e-01,E2,Cosmologique,6,3.6161684959e-02
-7,3.2588863627e-04,4s,3,2.5341690902e+02,1.0000000000e+00,1.0000000000e+00,7.6167708254e-02,1.1458798160e+00,1.4686922172e-01,E2,Cosmologique,6,3.0386478446e-01
-7,3.2588863627e-04,4p,2,2.5240241547e+02,1.0000000000e+00,1.0000000000e+00,7.8229912986e-02,1.1447263274e+00,1.6197817772e-01,E2,Cosmologique,6,2.9046924417e-01
-7,3.2588863627e-04,4d,1,1.7732888385e+02,1.0000000000e+00,1.0000000000e+00,1.1619364761e-01,1.1402913195e+00,2.4615192187e-01,E2,Cosmologique,6,5.9869657955e-02
-7,3.2588863627e-04,4f,0,8.8281673201e+01,1.0000000000e+00,1.0000000000e+00,2.2023435974e-01,1.1443690135e+00,2.4865467019e-01,E2,Cosmologique,6,2.1578883626e-01
-6,3.4526698300e-04,1s,0,1.7566843823e+00,1.0000000000e+00,1.0000000000e+00,5.2235884928e-01,1.1055542144e+00,4.0649003122e-02,E2,Cosmologique,6,8.9941963424e-02
-6,3.4526698300e-04,2s,1,1.1727534045e+02,1.0000000000e+00,1.0000000000e+00,1.8930343201e-01,1.1173662126e+00,1.8674531773e-01,E2,Cosmologique,6,2.0196566199e-01
-6,3.4526698300e-04,2p,0,8.9120681552e+01,1.0000000000e+00,1.0000000000e+00,2.4772615433e-01,1.1156851391e+00,1.7096173203e-01,E2,Cosmologique,6,3.2798115060e-01
-6,3.4526698300e-04,3s,2,1.4313342231e+02,1.0000000000e+00,1.0000000000e+00,1.2609753900e-01,1.1174758262e+00,2.2251400395e-01,E2,Cosmologique,6,2.8933328321e-01
-6,3.4526698300e-04,3p,1,1.1024632831e+02,1.0000000000e+00,1.0000000000e+00,1.4935714793e-01,1.1157368169e+00,2.5324505137e-01,E2,Cosmologique,6,3.1531617227e-01
-6,3.4526698300e-04,3d,0,9.3272737054e+01,1.0000000000e+00,1.0000000000e+00,2.4321652596e-01,1.1128386046e+00,2.6900742850e-01,E2,Cosmologique,6,3.6161684959e-02
-6,3.4526698300e-04,4s,3,2.4798547401e+02,1.0000000000e+00,1.0000000000e+00,7.2102344857e-02,1.1167848151e+00,1.3270953672e-01,E2,Cosmologique,6,3.0386478446e-01
-6,3.4526698300e-04,4p,2,2.4714240670e+02,1.0000000000e+00,1.0000000000e+00,7.4618247252e-02,1.1164908474e+00,1.4732621609e-01,E2,Cosmologique,6,2.9046924417e-01
-6,3.4526698300e-04,4d,1,1.7331178344e+02,1.0000000000e+00,1.0000000000e+00,1.1372235609e-01,1.1108976797e+00,2.2881760158e-01,E2,Cosmologique,6,5.9869657955e-02
-6,3.4526698300e-04,4f,0,8.6485311421e+01,1.0000000000e+00,1.0000000000e+00,2.1552941129e-01,1.1157504596e+00,2.3125611727e-01,E2,Cosmologique,6,2.1578883626e-01
-5,3.6579762619e-04,1s,0,1.7004122095e+00,1.0000000000e+00,1.0000000000e+00,2.2785822651e-01,1.0761832669e+00,1.8220058566e-02,E2,Cosmologique,6,8.9941963424e-02
-5,3.6579762619e-04,2s,1,1.1457142905e+02,1.0000000000e+00,1.0000000000e+00,1.7404179390e-01,1.0879914178e+00,1.6232427546e-01,E2,Cosmologique,6,2.0196566199e-01
-5,3.6579762619e-04,2p,0,8.6997222190e+01,1.0000000000e+00,1.0000000000e+00,2.2628967861e-01,1.0862331321e+00,1.4649591376e-01,E2,Cosmologique,6,3.2798115060e-01
-5,3.6579762619e-04,3s,2,1.3971953395e+02,1.0000000000e+00,1.0000000000e+00,1.1702484278e-01,1.0889315257e+00,1.9786972731e-01,E2,Cosmologique,6,2.8933328321e-01
-5,3.6579762619e-04,3p,1,1.0748603369e+02,1.0000000000e+00,1.0000000000e+00,1.4074184311e-01,1.0869067840e+00,2.2794838734e-01,E2,Cosmologique,6,3.1531617227e-01
-5,3.6579762619e-04,3d,0,9.1340433937e+01,1.0000000000e+00,1.0000000000e+00,2.2879717715e-01,1.0846700133e+00,2.4162610142e-01,E2,Cosmologique,6,3.6161684959e-02
-5,3.6579762619e-04,4s,3,2.4239218515e+02,1.0000000000e+00,1.0000000000e+00,6.3949559260e-02,1.0883004938e+00,1.1235086094e-01,E2,Cosmologique,6,3.0386478446e-01
-5,3.6579762619e-04,4p,2,2.4171086826e+02,1.0000000000e+00,1.0000000000e+00,6.7031638832e-02,1.0879570462e+00,1.2629831016e-01,E2,Cosmologique,6,2.9046924417e-01
-5,3.6579762619e-04,4d,1,1.6919619527e+02,1.0000000000e+00,1.0000000000e+00,1.0733908415e-01,1.0831460098e+00,2.0371143676e-01,E2,Cosmologique,6,5.9869657955e-02
-5,3.6579762619e-04,4f,0,8.4625512384e+01,1.0000000000e+00,1.0000000000e+00,2.0342976453e-01,1.0880905823e+00,2.0605212406e-01,E2,Cosmologique,6,2.1578883626e-01
-4,3.8754908495e-04,1s,0,1.6437365623e+00,1.0000000000e+00,1.0000000000e+00,2.2329018743e-01,1.0464652920e+00,1.0570418429e-02,E1,Cosmologique,6,8.9941963424e-02
-4,3.8754908495e-04,2s,1,1.1178525293e+02,1.0000000000e+00,1.0000000000e+00,1.4817416288e-01,1.0592742166e+00,1.2998588018e-01,E2,Cosmologique,6,2.0196566199e-01
-4,3.8754908495e-04,2p,0,8.4814736458e+01,1.0000000000e+00,1.0000000000e+00,1.9130878840e-01,1.0571918549e+00,1.1406446624e-01,E2,Cosmologique,6,3.2798115060e-01
-4,3.8754908495e-04,3s,2,1.3621421390e+02,1.0000000000e+00,1.0000000000e+00,1.0134113395e-01,1.0618813809e+00,1.6498884805e-01,E2,Cosmologique,6,2.8933328321e-01
-4,3.8754908495e-04,3p,1,1.0466329695e+02,1.0000000000e+00,1.0000000000e+00,1.2538423859e-01,1.0594290806e+00,1.9404200296e-01,E2,Cosmologique,6,3.1531617227e-01
-4,3.8754908495e-04,3d,0,8.9332475631e+01,1.0000000000e+00,1.0000000000e+00,2.0353399679e-01,1.0583698906e+00,2.0513329191e-01,E2,Cosmologique,6,3.6161684959e-02
-4,3.8754908495e-04,4s,3,2.3662768897e+02,1.0000000000e+00,1.0000000000e+00,5.0621621823e-02,1.0618509723e+00,8.5229685441e-02,E2,Cosmologique,6,3.0386478446e-01
-4,3.8754908495e-04,4p,2,2.3609790979e+02,1.0000000000e+00,1.0000000000e+00,5.4400956209e-02,1.0606147415e+00,9.8260262693e-02,E2,Cosmologique,6,2.9046924417e-01
-4,3.8754908495e-04,4d,1,1.6476815222e+02,1.0000000000e+00,1.0000000000e+00,9.6060355112e-02,1.0585380912e+00,1.7016219314e-01,E2,Cosmologique,6,5.9869657955e-02
-4,3.8754908495e-04,4f,0,8.2698633117e+01,1.0000000000e+00,1.0000000000e+00,1.8207935935e-01,1.0601639791e+00,1.7237144427e-01,E2,Cosmologique,6,2.1578883626e-01
-3,4.1059395276e-04,1s,0,1.5866381814e+00,1.0000000000e+00,1.0000000000e+00,8.1534125847e-01,1.0157050705e+00,4.6507452405e-02,E1,Cosmologique,6,8.9941963424e-02
-3,4.1059395276e-04,2s,1,1.0891216034e+02,1.0000000000e+00,1.0000000000e+00,1.0916027309e-01,1.0290067432e+00,9.0318636653e-02,E2,Cosmologique,6,2.0196566199e-01
-3,4.1059395276e-04,2p,0,8.2569899979e+01,1.0000000000e+00,1.0000000000e+00,1.4264628296e-01,1.0268090477e+00,7.2770052055e-02,E2,Cosmologique,6,3.2798115060e-01
-3,4.1059395276e-04,3s,2,1.3261228386e+02,1.0000000000e+00,1.0000000000e+00,7.7737773958e-02,1.0332238011e+00,1.2296523456e-01,E2,Cosmologique,6,2.8933328321e-01
-3,4.1059395276e-04,3p,1,1.0177459125e+02,1.0000000000e+00,1.0000000000e+00,1.0196182518e-01,1.0318261049e+00,1.5058370447e-01,E2,Cosmologique,6,3.1531617227e-01
-3,4.1059395276e-04,3d,0,8.7244530969e+01,1.0000000000e+00,1.0000000000e+00,1.6527243478e-01,1.0305359517e+00,1.5855382935e-01,E2,Cosmologique,6,3.6161684959e-02
-3,4.1059395276e-04,4s,3,2.3068215900e+02,1.0000000000e+00,1.0000000000e+00,2.9158917386e-02,1.0335813493e+00,5.0851475111e-02,E2,Cosmologique,6,3.0386478446e-01
-3,4.1059395276e-04,4p,2,2.3029314994e+02,1.0000000000e+00,1.0000000000e+00,3.5581208964e-02,1.0314580256e+00,6.2402572741e-02,E2,Cosmologique,6,2.9046924417e-01
-3,4.1059395276e-04,4d,1,1.6010543390e+02,1.0000000000e+00,1.0000000000e+00,7.8914872415e-02,1.0314320501e+00,1.2724314577e-01,E2,Cosmologique,6,5.9869657955e-02
-3,4.1059395276e-04,4f,0,8.0700855272e+01,1.0000000000e+00,1.0000000000e+00,1.4964387625e-01,1.0309988990e+00,1.2928480600e-01,E2,Cosmologique,6,2.1578883626e-01
-2,4.3500913972e-04,1s,0,1.5290940856e+00,1.0000000000e+00,1.0000000000e+00,1.6567975693e+00,9.8462456320e-01,9.0546599609e-02,E1,Méso,6,8.9941963424e-02
-2,4.3500913972e-04,2s,1,1.0594709175e+02,1.0000000000e+00,1.0000000000e+00,5.3227212030e-02,9.9784871262e-01,4.3142283108e-02,E2,Cosmologique,6,2.0196566199e-01
-2,4.3500913972e-04,2p,0,8.0259089321e+01,1.0000000000e+00,1.0000000000e+00,7.3015002709e-02,9.9574346263e-01,2.1560000651e-02,E2,Cosmologique,6,3.2798115060e-01
-2,4.3500913972e-04,3s,2,1.2890811611e+02,1.0000000000e+00,1.0000000000e+00,4.4019555155e-02,1.0034678503e+00,7.0786031380e-02,E2,Cosmologique,6,2.8933328321e-01
-2,4.3500913972e-04,3p,1,9.8816077984e+01,1.0000000000e+00,1.0000000000e+00,7.7243121638e-02,1.0036225948e+00,9.6499855918e-02,E2,Cosmologique,6,3.1531617227e-01
-2,4.3500913972e-04,3d,0,8.5071919500e+01,1.0000000000e+00,1.0000000000e+00,1.1115581182e-01,1.0017855499e+00,1.0075234837e-01,E2,Cosmologique,6,3.6161684959e-02
-2,4.3500913972e-04,4s,3,2.2454498977e+02,1.0000000000e+00,1.0000000000e+00,2.3282473011e-02,1.0043165421e+00,8.4109346250e-03,E2,Cosmologique,6,3.0386478446e-01
-2,4.3500913972e-04,4p,2,2.2428536736e+02,1.0000000000e+00,1.0000000000e+00,1.0194901604e-02,1.0014863831e+00,1.7861210007e-02,E2,Cosmologique,6,2.9046924417e-01
-2,4.3500913972e-04,4d,1,1.5534182572e+02,1.0000000000e+00,1.0000000000e+00,7.0868129286e-02,1.0031374923e+00,7.3916912487e-02,E2,Cosmologique,6,5.9869657955e-02
-2,4.3500913972e-04,4f,0,7.8628040279e+01,1.0000000000e+00,1.0000000000e+00,1.2677695182e-01,1.0013094406e+00,7.5751492466e-02,E2,Cosmologique,6,2.1578883626e-01
-1,4.6087612924e-04,1s,0,1.4710800099e+00,1.0000000000e+00,1.0000000000e+00,2.7956592638e+00,9.5399339638e-01,1.4382512520e-01,E1,Méso,6,8.9941963424e-02
-1,4.6087612924e-04,2s,1,1.0288469080e+02,1.0000000000e+00,1.0000000000e+00,3.2582534798e-02,9.6698913099e-01,1.5157955918e-02,E1,Cosmologique,6,2.0196566199e-01
-1,4.6087612924e-04,2p,0,7.7878468710e+01,1.0000000000e+00,1.0000000000e+00,6.7618473581e-02,9.6483626377e-01,4.0853712307e-02,E1,Cosmologique,6,3.2798115060e-01
-1,4.6087612924e-04,3s,2,1.2509575256e+02,1.0000000000e+00,1.0000000000e+00,3.8844198791e-02,9.7329044540e-01,7.1920586035e-03,E2,Cosmologique,6,2.8933328321e-01
-1,4.6087612924e-04,3p,1,9.5783693330e+01,1.0000000000e+00,1.0000000000e+00,4.2756324871e-02,9.7401096536e-01,2.9674214665e-02,E2,Cosmologique,6,3.1531617227e-01
-1,4.6087612924e-04,3d,0,8.2809685198e+01,1.0000000000e+00,1.0000000000e+00,5.5236532959e-02,9.7267778720e-01,3.0298396910e-02,E2,Cosmologique,6,3.6161684959e-02
-1,4.6087612924e-04,4s,3,2.1820495070e+02,1.0000000000e+00,1.0000000000e+00,2.6262124366e-02,9.7440566065e-01,3.9247705337e-02,E1,Cosmologique,6,3.0386478446e-01
-1,4.6087612924e-04,4p,2,2.1806268003e+02,1.0000000000e+00,1.0000000000e+00,2.1399361352e-02,9.7111356900e-01,3.6407979785e-02,E1,Cosmologique,6,2.9046924417e-01
-1,4.6087612924e-04,4d,1,1.5047144373e+02,1.0000000000e+00,1.0000000000e+00,4.0635599169e-02,9.7407424733e-01,8.8939633251e-03,E2,Cosmologique,6,5.9869657955e-02
-1,4.6087612924e-04,4f,0,7.6475806335e+01,1.0000000000e+00,1.0000000000e+00,5.5213002671e-02,9.7141512946e-01,1.0476751476e-02,E2,Cosmologique,6,2.1578883626e-01
0,4.8828125000e-04,1s,0,1.4125700396e+00,1.0000000000e+00,1.0000000000e+00,4.3132883470e+00,9.2444971495e-01,2.0765135448e-01,E1,Méso,6,8.9941963424e-02
0,4.8828125000e-04,2s,1,9.9719271881e+01,1.0000000000e+00,1.0000000000e+00,1.3001648321e-01,9.3725912202e-01,8.9385651457e-02,E1,Cosmologique,6,2.0196566199e-01
0,4.8828125000e-04,2p,0,7.5423966024e+01,1.0000000000e+00,1.0000000000e+00,1.9571535141e-01,9.3501720359e-01,1.1596193316e-01,E1,Cosmologique,6,3.2798115060e-01
0,4.8828125000e-04,3s,2,1.2116886920e+02,1.0000000000e+00,1.0000000000e+00,4.7123487525e-02,9.4425598101e-01,6.6186594285e-02,E1,Cosmologique,6,2.8933328321e-01
0,4.8828125000e-04,3p,1,9.2673123402e+01,1.0000000000e+00,1.0000000000e+00,5.7715794299e-02,9.4456810355e-01,5.2104946707e-02,E1,Cosmologique,6,3.1531617227e-01
0,4.8828125000e-04,3d,0,8.0452569790e+01,1.0000000000e+00,1.0000000000e+00,9.7775860707e-02,9.4375375620e-01,5.4474421016e-02,E1,Cosmologique,6,3.6161684959e-02
0,4.8828125000e-04,4s,3,2.1165012710e+02,1.0000000000e+00,1.0000000000e+00,4.9652758250e-02,9.4403859878e-01,9.5581629683e-02,E1,Cosmologique,6,3.0386478446e-01
0,4.8828125000e-04,4p,2,2.1161248102e+02,1.0000000000e+00,1.0000000000e+00,4.4994072874e-02,9.4105366803e-01,9.7043879823e-02,E1,Cosmologique,6,2.9046924417e-01
0,4.8828125000e-04,4d,1,1.4548804279e+02,1.0000000000e+00,1.0000000000e+00,6.3294937070e-02,9.4466344947e-01,6.9330453325e-02,E1,Cosmologique,6,5.9869657955e-02
0,4.8828125000e-04,4f,0,7.4239503475e+01,1.0000000000e+00,1.0000000000e+00,1.0274216315e-01,9.4195760287e-01,6.8050429227e-02,E1,Cosmologique,6,2.1578883626e-01
1,5.1731596404e-04,1s,0,1.3535364341e+00,1.0000000000e+00,1.0000000000e+00,6.3043424995e+00,8.9853530569e-01,2.8343645300e-01,E1,Méso,6,8.9941963424e-02
1,5.1731596404e-04,2s,1,9.6444796775e+01,1.0000000000e+00,1.0000000000e+00,2.7042865736e-01,9.0984855631e-01,1.8232688680e-01,E1,Cosmologique,6,2.0196566199e-01
1,5.1731596404e-04,2p,0,7.2891255746e+01,1.0000000000e+00,1.0000000000e+00,3.9035077394e-01,9.0787929080e-01,1.9907917718e-01,E1,Cosmologique,6,3.2798115060e-01
1,5.1731596404e-04,3s,2,1.1712075025e+02,1.0000000000e+00,1.0000000000e+00,1.4998878564e-01,9.1593112559e-01,1.4470454164e-01,E1,Cosmologique,6,2.8933328321e-01
1,5.1731596404e-04,3p,1,8.9479786441e+01,1.0000000000e+00,1.0000000000e+00,1.8439680391e-01,9.1593823290e-01,1.4951373834e-01,E1,Cosmologique,6,3.1531617227e-01
1,5.1731596404e-04,3d,0,7.7994992125e+01,1.0000000000e+00,1.0000000000e+00,2.3071269780e-01,9.1537812186e-01,1.5527388738e-01,E1,Cosmologique,6,3.6161684959e-02
1,5.1731596404e-04,4s,3,2.0486787407e+02,1.0000000000e+00,1.0000000000e+00,8.9503932443e-02,9.1407988021e-01,1.6242491445e-01,E1,Cosmologique,6,3.0386478446e-01
1,5.1731596404e-04,4p,2,2.0492138898e+02,1.0000000000e+00,1.0000000000e+00,8.9698826439e-02,9.1172970027e-01,1.6970809521e-01,E1,Cosmologique,6,2.9046924417e-01
1,5.1731596404e-04,4d,1,1.4038499133e+02,1.0000000000e+00,1.0000000000e+00,1.4582418756e-01,9.1524413460e-01,1.6233552182e-01,E1,Cosmologique,6,5.9869657955e-02
1,5.1731596404e-04,4f,0,7.1914194890e+01,1.0000000000e+00,1.0000000000e+00,2.6080089598e-01,9.1360409776e-01,1.6141441664e-01,E1,Cosmologique,6,2.1578883626e-01
2,5.4807717203e-04,1s,0,1.2939495789e+00,1.0000000000e+00,1.0000000000e+00,8.5553717464e+00,8.6940425461e-01,3.5629219792e-01,E1,Méso,6,8.9941963424e-02
2,5.4807717203e-04,2s,1,9.3054856763e+01,1.0000000000e+00,1.0000000000e+00,4.2553200063e-01,8.7825215933e-01,2.7079482504e-01,E1,Cosmologique,6,2.0196566199e-01
2,5.4807717203e-04,2p,0,7.0275746320e+01,1.0000000000e+00,1.0000000000e+00,6.0572450364e-01,8.7696304060e-01,2.7785701925e-01,E1,Cosmologique,6,3.2798115060e-01
2,5.4807717203e-04,3s,2,1.1294426826e+02,1.0000000000e+00,1.0000000000e+00,2.5737883947e-01,8.8311440524e-01,2.3232624914e-01,E1,Cosmologique,6,2.8933328321e-01
2,5.4807717203e-04,3p,1,8.6198819352e+01,1.0000000000e+00,1.0000000000e+00,3.3055492419e-01,8.8355512397e-01,2.3411375194e-01,E1,Cosmologique,6,3.1531617227e-01
2,5.4807717203e-04,3d,0,7.5431031185e+01,1.0000000000e+00,1.0000000000e+00,3.6485440236e-01,8.8259586480e-01,2.4638359845e-01,E1,Cosmologique,6,3.6161684959e-02
2,5.4807717203e-04,4s,3,1.9784477780e+02,1.0000000000e+00,1.0000000000e+00,1.4192450484e-01,8.8040412877e-01,2.3423711435e-01,E1,Cosmologique,6,3.0386478446e-01
2,5.4807717203e-04,4p,2,1.9797520744e+02,1.0000000000e+00,1.0000000000e+00,1.3997300145e-01,8.7883631813e-01,2.4554476603e-01,E1,Cosmologique,6,2.9046924417e-01
2,5.4807717203e-04,4d,1,1.3515525156e+02,1.0000000000e+00,1.0000000000e+00,2.2058729995e-01,8.8092868676e-01,2.5098083735e-01,E1,Cosmologique,6,5.9869657955e-02
2,5.4807717203e-04,4f,0,6.9494642099e+01,1.0000000000e+00,1.0000000000e+00,4.1799291824e-01,8.8110249783e-01,2.5037980303e-01,E1,Cosmologique,6,2.1578883626e-01
3,5.8066753662e-04,1s,0,1.2337777092e+00,1.0000000000e+00,1.0000000000e+00,1.1121830247e+01,8.3725129322e-01,4.2565641058e-01,E1,Quantique,6,8.9941963424e-02
3,5.8066753662e-04,2s,1,8.9542642472e+01,1.0000000000e+00,1.0000000000e+00,5.9879508593e-01,8.4293640147e-01,3.5404400435e-01,E1,Cosmologique,6,2.0196566199e-01
3,5.8066753662e-04,2p,0,6.7572558015e+01,1.0000000000e+00,1.0000000000e+00,8.4669060789e-01,8.4182884726e-01,3.6012298474e-01,E1,Cosmologique,6,3.2798115060e-01
3,5.8066753662e-04,3s,2,1.0863185092e+02,1.0000000000e+00,1.0000000000e+00,3.7644043917e-01,8.4648777526e-01,3.1858439157e-01,E1,Cosmologique,6,2.8933328321e-01
3,5.8066753662e-04,3p,1,8.2825054761e+01,1.0000000000e+00,1.0000000000e+00,4.7901569830e-01,8.4615478538e-01,3.2130610032e-01,E1,Cosmologique,6,3.1531617227e-01
3,5.8066753662e-04,3d,0,7.2754400253e+01,1.0000000000e+00,1.0000000000e+00,5.2565327561e-01,8.4579887103e-01,3.2973857968e-01,E1,Cosmologique,6,3.6161684959e-02
3,5.8066753662e-04,4s,3,1.9056659833e+02,1.0000000000e+00,1.0000000000e+00,2.0187537279e-01,8.4354753397e-01,3.1129848248e-01,E1,Cosmologique,6,3.0386478446e-01
3,5.8066753662e-04,4p,2,1.9075886278e+02,1.0000000000e+00,1.0000000000e+00,1.9906071552e-01,8.4284769469e-01,3.1837188355e-01,E1,Cosmologique,6,2.9046924417e-01
3,5.8066753662e-04,4d,1,1.2979134729e+02,1.0000000000e+00,1.0000000000e+00,3.0583088792e-01,8.4335141119e-01,3.2821035848e-01,E1,Cosmologique,6,5.9869657955e-02
3,5.8066753662e-04,4f,0,6.6975281212e+01,1.0000000000e+00,1.0000000000e+00,5.9291149281e-01,8.4523197361e-01,3.3418787262e-01,E1,Cosmologique,6,2.1578883626e-01
4,6.1519582514e-04,1s,0,1.1729870287e+00,1.0000000000e+00,1.0000000000e+00,1.4076240595e+01,8.0246271801e-01,4.9109285632e-01,E1,Quantique,6,8.9941963424e-02
4,6.1519582514e-04,2s,1,8.5900932430e+01,1.0000000000e+00,1.0000000000e+00,7.9487909746e-01,8.0458559854e-01,4.3162812989e-01,E1,Cosmologique,6,2.0196566199e-01
4,6.1519582514e-04,2p,0,6.4776515375e+01,1.0000000000e+00,1.0000000000e+00,1.1197636726e+00,8.0375939843e-01,4.3684581002e-01,E1,Méso,6,3.2798115060e-01
4,6.1519582514e-04,3s,2,1.0417546794e+02,1.0000000000e+00,1.0000000000e+00,5.1035578363e-01,8.0826755031e-01,3.9692750242e-01,E1,Cosmologique,6,2.8933328321e-01
4,6.1519582514e-04,3p,1,7.9353012464e+01,1.0000000000e+00,1.0000000000e+00,6.3842133551e-01,8.0693399125e-01,4.0298074824e-01,E1,Cosmologique,6,3.1531617227e-01
4,6.1519582514e-04,3d,0,6.9958433778e+01,1.0000000000e+00,1.0000000000e+00,7.1514835995e-01,8.0680084376e-01,4.0521058240e-01,E1,Cosmologique,6,3.6161684959e-02
4,6.1519582514e-04,4s,3,1.8301823840e+02,1.0000000000e+00,1.0000000000e+00,2.7068765621e-01,8.0449657063e-01,3.8427027219e-01,E1,Cosmologique,6,3.0386478446e-01
4,6.1519582514e-04,4p,2,1.8325637291e+02,1.0000000000e+00,1.0000000000e+00,2.6960345134e-01,8.0307772715e-01,3.9496305188e-01,E1,Cosmologique,6,2.9046924417e-01
4,6.1519582514e-04,4d,1,1.2428535039e+02,1.0000000000e+00,1.0000000000e+00,4.0429132589e-01,8.0538833791e-01,3.9431853207e-01,E1,Cosmologique,6,5.9869657955e-02
4,6.1519582514e-04,4f,0,6.4350212386e+01,1.0000000000e+00,1.0000000000e+00,7.9942320480e-01,8.0605136364e-01,4.1030450107e-01,E1,Cosmologique,6,2.1578883626e-01
5,6.5177727254e-04,1s,0,1.1115416083e+00,1.0000000000e+00,1.0000000000e+00,1.7512136548e+01,7.6512351782e-01,5.5228716938e-01,E1,Quantique,6,8.9941963424e-02
5,6.5177727254e-04,2s,1,8.2122069543e+01,1.0000000000e+00,1.0000000000e+00,1.0198738067e+00,7.6440432513e-01,5.0336723086e-01,E1,Méso,6,2.0196566199e-01
5,6.5177727254e-04,2p,0,6.1882130391e+01,1.0000000000e+00,1.0000000000e+00,1.4334541061e+00,7.6343295345e-01,5.0783414485e-01,E1,Méso,6,3.2798115060e-01
5,6.5177727254e-04,3s,2,9.9566604824e+01,1.0000000000e+00,1.0000000000e+00,6.6325924169e-01,7.6577327223e-01,4.6980452264e-01,E1,Cosmologique,6,2.8933328321e-01
5,6.5177727254e-04,3p,1,7.5776881593e+01,1.0000000000e+00,1.0000000000e+00,8.2221822064e-01,7.6598378881e-01,4.7001268965e-01,E1,Cosmologique,6,3.1531617227e-01
5,6.5177727254e-04,3d,0,6.7036065529e+01,1.0000000000e+00,1.0000000000e+00,9.3211200490e-01,7.6609239619e-01,4.7634353441e-01,E1,Cosmologique,6,3.6161684959e-02
5,6.5177727254e-04,4s,3,1.7518369398e+02,1.0000000000e+00,1.0000000000e+00,3.5076279319e-01,7.6275271652e-01,4.4914507748e-01,E1,Cosmologique,6,3.0386478446e-01
5,6.5177727254e-04,4p,2,1.7545079492e+02,1.0000000000e+00,1.0000000000e+00,3.5080837332e-01,7.6145853650e-01,4.6400105152e-01,E1,Cosmologique,6,2.9046924417e-01
5,6.5177727254e-04,4d,1,1.1862885495e+02,1.0000000000e+00,1.0000000000e+00,5.1943328756e-01,7.6473128031e-01,4.6140344719e-01,E1,Cosmologique,6,5.9869657955e-02
5,6.5177727254e-04,4f,0,6.1613180545e+01,1.0000000000e+00,1.0000000000e+00,1.0366218104e+00,7.6503135016e-01,4.8215044517e-01,E1,Méso,6,2.1578883626e-01
6,6.9053396600e-04,1s,0,1.0494032012e+00,1.0000000000e+00,1.0000000000e+00,2.1554017365e+01,7.2592074189e-01,6.0902998413e-01,E1,Quantique,6,8.9941963424e-02
6,6.9053396600e-04,2s,1,7.8197932338e+01,1.0000000000e+00,1.0000000000e+00,1.2817692976e+00,7.2254646998e-01,5.6929766260e-01,E1,Méso,6,2.0196566199e-01
6,6.9053396600e-04,2p,0,5.8883581703e+01,1.0000000000e+00,1.0000000000e+00,1.7989473858e+00,7.2042912654e-01,5.7310461340e-01,E1,Méso,6,3.2798115060e-01
6,6.9053396600e-04,3s,2,9.4796231058e+01,1.0000000000e+00,1.0000000000e+00,8.4046805921e-01,7.2412096695e-01,5.3261132265e-01,E1,Cosmologique,6,2.8933328321e-01
6,6.9053396600e-04,3p,1,7.2090498778e+01,1.0000000000e+00,1.0000000000e+00,1.0369545584e+00,7.2275943749e-01,5.3819048870e-01,E1,Méso,6,3.1531617227e-01
6,6.9053396600e-04,3d,0,6.3979802813e+01,1.0000000000e+00,1.0000000000e+00,1.1841074451e+00,7.2364905259e-01,5.4241113759e-01,E1,Méso,6,3.6161684959e-02
6,6.9053396600e-04,4s,3,1.6704599627e+02,1.0000000000e+00,1.0000000000e+00,4.4505029631e-01,7.2105969082e-01,5.1171732777e-01,E1,Cosmologique,6,3.0386478446e-01
6,6.9053396600e-04,4p,2,1.6732416320e+02,1.0000000000e+00,1.0000000000e+00,4.4552084074e-01,7.1978252442e-01,5.2684666022e-01,E1,Cosmologique,6,2.9046924417e-01
6,6.9053396600e-04,4d,1,1.1281294607e+02,1.0000000000e+00,1.0000000000e+00,6.5552411990e-01,7.2316540527e-01,5.2473509882e-01,E1,Cosmologique,6,5.9869657955e-02
6,6.9053396600e-04,4f,0,5.8757552223e+01,1.0000000000e+00,1.0000000000e+00,1.3121369339e+00,7.2274013625e-01,5.4839870548e-01,E1,Méso,6,2.1578883626e-01
7,7.3159525238e-04,1s,0,9.8653116924e-01,1.0000000000e+00,1.0000000000e+00,2.6348427995e+01,6.8564204962e-01,6.6120178403e-01,E1,Quantique,6,8.9941963424e-02
7,7.3159525238e-04,2s,1,7.4119910586e+01,1.0000000000e+00,1.0000000000e+00,1.5897558765e+00,6.7796370935e-01,6.2962429480e-01,E1,Méso,6,2.0196566199e-01
7,7.3159525238e-04,2p,0,5.5774697284e+01,1.0000000000e+00,1.0000000000e+00,2.2291529668e+00,6.7756016901e-01,6.3283699095e-01,E1,Méso,6,3.2798115060e-01
7,7.3159525238e-04,3s,2,8.9854772910e+01,1.0000000000e+00,1.0000000000e+00,1.0478806402e+00,6.8297790884e-01,5.9247103017e-01,E1,Méso,6,2.8933328321e-01
7,7.3159525238e-04,3p,1,6.8287329684e+01,1.0000000000e+00,1.0000000000e+00,1.2897074725e+00,6.8002048912e-01,6.0122867742e-01,E1,Méso,6,3.1531617227e-01
7,7.3159525238e-04,3d,0,6.0781703355e+01,1.0000000000e+00,1.0000000000e+00,1.4793445314e+00,6.8128033218e-01,6.0426973627e-01,E1,Méso,6,3.6161684959e-02
7,7.3159525238e-04,4s,3,1.5858715909e+02,1.0000000000e+00,1.0000000000e+00,5.5650112306e-01,6.8033399729e-01,5.7249874147e-01,E1,Cosmologique,6,3.0386478446e-01
7,7.3159525238e-04,4p,2,1.5885743408e+02,1.0000000000e+00,1.0000000000e+00,5.5675233183e-01,6.7901128835e-01,5.8654172047e-01,E1,Cosmologique,6,2.9046924417e-01
7,7.3159525238e-04,4d,1,1.0682817282e+02,1.0000000000e+00,1.0000000000e+00,8.1688324887e-01,6.8224919355e-01,5.8463146161e-01,E1,Cosmologique,6,5.9869657955e-02
7,7.3159525238e-04,4f,0,5.5776295368e+01,1.0000000000e+00,1.0000000000e+00,1.6350936307e+00,6.7939924301e-01,6.1186700422e-01,E1,Méso,6,2.1578883626e-01
8,7.7509816991e-04,1s,0,9.2288236303e-01,1.0000000000e+00,1.0000000000e+00,3.2056996041e+01,6.4558528267e-01,7.0873791746e-01,E1,Quantique,6,8.9941963424e-02
8,7.7509816991e-04,2s,1,6.9878877326e+01,1.0000000000e+00,1.0000000000e+00,1.9534220843e+00,6.3636132544e-01,6.8466621689e-01,E1,Méso,6,2.0196566199e-01
8,7.7509816991e-04,2p,0,5.2548934426e+01,1.0000000000e+00,1.0000000000e+00,2.7376316103e+00,6.3596661881e-01,6.8732171586e-01,E1,Méso,6,3.2798115060e-01
8,7.7509816991e-04,3s,2,8.4732082283e+01,1.0000000000e+00,1.0000000000e+00,1.2912253090e+00,6.4380263940e-01,6.5057208889e-01,E1,Méso,6,2.8933328321e-01
8,7.7509816991e-04,3p,1,6.4360447784e+01,1.0000000000e+00,1.0000000000e+00,1.5869864077e+00,6.3973584998e-01,6.5957081319e-01,E1,Méso,6,3.1531617227e-01
8,7.7509816991e-04,3d,0,5.7433349326e+01,1.0000000000e+00,1.0000000000e+00,1.8253959218e+00,6.4081620609e-01,6.6237206960e-01,E1,Méso,6,3.6161684959e-02
8,7.7509816991e-04,4s,3,1.4978811991e+02,1.0000000000e+00,1.0000000000e+00,6.8725413994e-01,6.4341389614e-01,6.3078760462e-01,E1,Cosmologique,6,3.0386478446e-01
8,7.7509816991e-04,4p,2,1.5003042352e+02,1.0000000000e+00,1.0000000000e+00,6.8711829000e-01,6.4146650417e-01,6.4342404164e-01,E1,Cosmologique,6,2.9046924417e-01
8,7.7509816991e-04,4d,1,1.0066451753e+02,1.0000000000e+00,1.0000000000e+00,1.0067831839e+00,6.4297363601e-01,6.4436954167e-01,E1,Méso,6,5.9869657955e-02
8,7.7509816991e-04,4f,0,5.2661956413e+01,1.0000000000e+00,1.0000000000e+00,2.0142893028e+00,6.3805165127e-01,6.6995733162e-01,E1,Méso,6,2.1578883626e-01
9,8.2118790552e-04,1s,0,8.5841105788e-01,1.0000000000e+00,1.0000000000e+00,3.8907692220e+01,6.0397122818e-01,7.4981011807e-01,E1,Quantique,6,8.9941963424e-02
9,8.2118790552e-04,2s,1,6.5465162392e+01,1.0000000000e+00,1.0000000000e+00,2.3900483088e+00,5.9367345128e-01,7.3206269087e-01,E1,Méso,6,2.0196566199e-01
9,8.2118790552e-04,2p,0,4.9199360999e+01,1.0000000000e+00,1.0000000000e+00,3.3484350248e+00,5.9331597671e-01,7.3424413477e-01,E1,Méso,6,3.2798115060e-01
9,8.2118790552e-04,3s,2,7.9417407114e+01,1.0000000000e+00,1.0000000000e+00,1.5823166281e+00,6.0307063290e-01,7.0135204897e-01,E1,Méso,6,2.8933328321e-01
9,8.2118790552e-04,3p,1,6.0302514295e+01,1.0000000000e+00,1.0000000000e+00,1.9432235415e+00,5.9799470225e-01,7.1021315871e-01,E1,Méso,6,3.1531617227e-01
9,8.2118790552e-04,3d,0,5.3925822003e+01,1.0000000000e+00,1.0000000000e+00,2.2394534426e+00,5.9891203712e-01,7.1273558023e-01,E1,Méso,6,3.6161684959e-02
9,8.2118790552e-04,4s,3,1.4062868192e+02,1.0000000000e+00,1.0000000000e+00,8.4410361038e-01,6.0455909450e-01,6.8263640453e-01,E1,Cosmologique,6,3.0386478446e-01
9,8.2118790552e-04,4p,2,1.4082174648e+02,1.0000000000e+00,1.0000000000e+00,8.4317235792e-01,6.0212007670e-01,6.9383197446e-01,E1,Cosmologique,6,2.9046924417e-01
9,8.2118790552e-04,4d,1,9.4311366322e+01,1.0000000000e+00,1.0000000000e+00,1.2349953448e+00,6.0121648984e-01,6.9772782436e-01,E1,Méso,6,5.9869657955e-02
9,8.2118790552e-04,4f,0,4.9406638231e+01,1.0000000000e+00,1.0000000000e+00,2.4682609779e+00,5.9540146113e-01,7.1999911842e-01,E1,Méso,6,2.1578883626e-01
10,8.7001827943e-04,1s,0,7.9306866580e-01,1.0000000000e+00,1.0000000000e+00,4.7092178329e+01,5.6343965655e-01,7.8394597256e-01,E1,Quantique,6,8.9941963424e-02
10,8.7001827943e-04,2s,1,6.0868513442e+01,1.0000000000e+00,1.0000000000e+00,2.9167954222e+00,5.5160428616e-01,7.7170803901e-01,E1,Méso,6,2.0196566199e-01
10,8.7001827943e-04,2p,0,4.5718627119e+01,1.0000000000e+00,1.0000000000e+00,4.0852643777e+00,5.5133423363e-01,7.7347202309e-01,E1,Méso,6,3.2798115060e-01
10,8.7001827943e-04,3s,2,7.3899348332e+01,1.0000000000e+00,1.0000000000e+00,1.9335284313e+00,5.6205837364e-01,7.4474348234e-01,E1,Méso,6,2.8933328321e-01
10,8.7001827943e-04,3p,1,5.6105748575e+01,1.0000000000e+00,1.0000000000e+00,2.3738197530e+00,5.5620753772e-01,7.5313601981e-01,E1,Méso,6,3.1531617227e-01
10,8.7001827943e-04,3d,0,5.0249667380e+01,1.0000000000e+00,1.0000000000e+00,2.7398767033e+00,5.5692390892e-01,7.5545965265e-01,E1,Méso,6,3.6161684959e-02
10,8.7001827943e-04,4s,3,1.3108743718e+02,1.0000000000e+00,1.0000000000e+00,1.0346412005e+00,5.6472318197e-01,7.2786790223e-01,E1,Méso,6,3.0386478446e-01
10,8.7001827943e-04,4p,2,1.3120873430e+02,1.0000000000e+00,1.0000000000e+00,1.0320292586e+00,5.6205295372e-01,7.3755134989e-01,E1,Méso,6,2.9046924417e-01
10,8.7001827943e-04,4d,1,8.7757467004e+01,1.0000000000e+00,1.0000000000e+00,1.5122797049e+00,5.5911760836e-01,7.4296008356e-01,E1,Méso,6,5.9869657955e-02
10,8.7001827943e-04,4f,0,4.6001969019e+01,1.0000000000e+00,1.0000000000e+00,3.0163844482e+00,5.5326008874e-01,7.6175654910e-01,E1,Méso,6,2.1578883626e-01
11,9.2175225848e-04,1s,0,7.2680370428e-01,1.0000000000e+00,1.0000000000e+00,5.6638037651e+01,5.2820672779e-01,8.1040664362e-01,E1,Quantique,6,8.9941963424e-02
11,9.2175225848e-04,2s,1,5.6078068220e+01,1.0000000000e+00,1.0000000000e+00,3.5448908412e+00,5.1279884429e-01,8.0329659762e-01,E1,Méso,6,2.0196566199e-01
11,9.2175225848e-04,2p,0,4.2098945640e+01,1.0000000000e+00,1.0000000000e+00,4.9630757597e+00,5.1270069765e-01,8.0466806962e-01,E1,Méso,6,3.2798115060e-01
11,9.2175225848e-04,3s,2,6.8165828742e+01,1.0000000000e+00,1.0000000000e+00,2.3549647465e+00,5.2282654733e-01,7.8058513369e-01,E1,Méso,6,2.8933328321e-01
11,9.2175225848e-04,3p,1,5.1761907102e+01,1.0000000000e+00,1.0000000000e+00,2.8923684807e+00,5.1661068771e-01,7.8819617914e-01,E1,Méso,6,3.1531617227e-01
11,9.2175225848e-04,3d,0,4.6394869092e+01,1.0000000000e+00,1.0000000000e+00,3.3429507358e+00,5.1662505662e-01,7.9087164388e-01,E1,Méso,6,3.6161684959e-02
11,9.2175225848e-04,4s,3,1.2114170432e+02,1.0000000000e+00,1.0000000000e+00,1.2669678418e+00,5.2556761499e-01,7.6629277309e-01,E1,Méso,6,3.0386478446e-01
11,9.2175225848e-04,4p,2,1.2116736991e+02,1.0000000000e+00,1.0000000000e+00,1.2604520322e+00,5.2309982360e-01,7.7432662813e-01,E1,Méso,6,2.9046924417e-01
11,9.2175225848e-04,4d,1,8.0990898008e+01,1.0000000000e+00,1.0000000000e+00,1.8497514759e+00,5.1870705515e-01,7.8020296776e-01,E1,Méso,6,5.9869657955e-02
11,9.2175225848e-04,4f,0,4.2439078968e+01,1.0000000000e+00,1.0000000000e+00,3.6745961226e+00,5.1395555901e-01,7.9531717544e-01,E1,Méso,6,2.1578883626e-01
12,9.7656250000e-04,1s,0,6.5956155027e-01,0.0000000000e+00,1.0000000000e+00,0.0000000000e+00,5.0165522596e-01,8.2786415772e-01,E1,Cosmologique,6,8.9941963424e-02
12,9.7656250000e-04,2s,1,5.1082314643e+01,0.0000000000e+00,1.0000000000e+00,0.0000000000e+00,4.8118412460e-01,8.2601894969e-01,E1,Cosmologique,6,2.0196566199e-01
12,9.7656250000e-04,2p,0,3.8332063334e+01,0.0000000000e+00,1.0000000000e+00,0.0000000000e+00,4.8139427217e-01,8.2698402508e-01,E1,Cosmologique,6,3.2798115060e-01
12,9.7656250000e-04,3s,2,6.2204048812e+01,0.0000000000e+00,1.0000000000e+00,0.0000000000e+00,4.8845897739e-01,8.0836320107e-01,E1,Cosmologique,6,2.8933328321e-01
12,9.7656250000e-04,3p,1,4.7262253173e+01,0.0000000000e+00,1.0000000000e+00,0.0000000000e+00,4.8253738081e-01,8.1485218030e-01,E1,Cosmologique,6,3.1531617227e-01
12,9.7656250000e-04,3d,0,4.2350812464e+01,0.0000000000e+00,1.0000000000e+00,0.0000000000e+00,4.8210422583e-01,8.1757633812e-01,E1,Cosmologique,6,3.6161684959e-02
12,9.7656250000e-04,4s,3,1.1076744770e+02,0.0000000000e+00,1.0000000000e+00,0.0000000000e+00,4.8962731772e-01,7.9748248931e-01,E1,Cosmologique,6,3.0386478446e-01
12,9.7656250000e-04,4p,2,1.1067220157e+02,0.0000000000e+00,1.0000000000e+00,0.0000000000e+00,4.8805234832e-01,8.0362346386e-01,E1,Cosmologique,6,2.9046924417e-01
12,9.7656250000e-04,4d,1,7.3999024947e+01,0.0000000000e+00,1.0000000000e+00,0.0000000000e+00,4.8283774650e-01,8.0934482723e-01,E1,Cosmologique,6,5.9869657955e-02
12,9.7656250000e-04,4f,0,3.8708568051e+01,0.0000000000e+00,1.0000000000e+00,0.0000000000e+00,4.8087856285e-01,8.2028422859e-01,E1,Cosmologique,6,2.1578883626e-01
13,1.0346319281e-03,1s,0,5.9128430638e-01,0.0000000000e+00,1.0000000000e+00,0.0000000000e+00,4.9009647322e-01,8.3383319374e-01,E1,Cosmologique,6,7.0301728954e-01
13,1.0346319281e-03,2s,1,4.5869054782e+01,0.0000000000e+00,1.0000000000e+00,0.0000000000e+00,4.6263306883e-01,8.3808365499e-01,E1,Cosmologique,6,7.4620043410e-01
13,1.0346319281e-03,2p,0,3.4409235195e+01,0.0000000000e+00,1.0000000000e+00,0.0000000000e+00,4.6335476639e-01,8.3857355606e-01,E1,Cosmologique,6,7.8440072857e-01
13,1.0346319281e-03,3s,2,5.6000446514e+01,0.0000000000e+00,1.0000000000e+00,0.0000000000e+00,4.6367473680e-01,8.2687776880e-01,E1,Cosmologique,6,7.5479902014e-01
13,1.0346319281e-03,3p,1,4.2597529578e+01,0.0000000000e+00,1.0000000000e+00,0.0000000000e+00,4.5906045047e-01,8.3178909188e-01,E1,Cosmologique,6,7.8530389585e-01
13,1.0346319281e-03,3d,0,3.8106250736e+01,0.0000000000e+00,1.0000000000e+00,0.0000000000e+00,4.5861339454e-01,8.3426954061e-01,E1,Cosmologique,6,7.3749977381e-01
13,1.0346319281e-03,4s,3,9.9939200591e+01,0.0000000000e+00,1.0000000000e+00,0.0000000000e+00,4.6086146944e-01,8.2052361017e-01,E1,Cosmologique,6,7.5617106307e-01
13,1.0346319281e-03,4p,2,9.9696261917e+01,0.0000000000e+00,1.0000000000e+00,0.0000000000e+00,4.6123748550e-01,8.2434637624e-01,E1,Cosmologique,6,7.7868329819e-01
13,1.0346319281e-03,4d,1,6.6768460845e+01,0.0000000000e+00,1.0000000000e+00,0.0000000000e+00,4.5637954450e-01,8.2929676680e-01,E1,Cosmologique,6,7.3359894667e-01
13,1.0346319281e-03,4f,0,3.4800476361e+01,0.0000000000e+00,1.0000000000e+00,0.0000000000e+00,4.5945384339e-01,8.3514221022e-01,E1,Cosmologique,6,7.8770916420e-01
